cluster,primary_keyword,modifier/angle,search_intent,content_type,status,internal_targets,required_schema,notes
Core Offer,ewhoring guide 2025,,Transactional,Interactive sales page,Live,"HeroSection|PricingTerminal|FAQ",Product|Course|HowTo,"Update copy monthly; use FAQPage markup per step"
Platform Hubs,ewhore discord servers,2025,Commercial Investigation,Longform listicle,Live,"BentoGrid|RedditChat","ItemList|FAQPage","Add table comparing member counts + trust badges"
Platform Hubs,ewhoring telegram groups,crypto payments,Commercial Investigation,Programmatic landing,Planned,"PricingTerminal|CryptoPayment","BreadcrumbList|FAQPage","Needs geo schema for targeted countries"
Platform Hubs,reddit ewhoring scripts,free templates,Bottom Funnel,Lead magnet,Live,"ReceiptVault|SEOContent","CreativeWorkSeries","Gate scripts w/ email capture"
Persona Ops,onlyfans without showing face,,Commercial Investigation,Guide,Live,"OriginStory|SideEffects","HowTo|VideoObject","Embed loom + transcription for video schema"
Persona Ops,findom guide,advanced tribute scripts,Commercial Investigation,Guide,Live,"WhySection|Testimonials","Article|FAQPage","Add review aggregate for social proof"
Expansion,ewhoring city guide,"{city}+discord",Programmatic,Scalable landing,Pipeline,"GeoGate|KeywordTargets","LocalBusiness|Event","Generate 200 metros; auto internal link to /discord hub"
Expansion,ai ewhoring prompts,"{persona}+prompt pack",Informational,Download page,Pipeline,"ROICalculator|ReceiptVault","Dataset|SoftwareApplication","Bundle zipped prompts + JSON schema"
Comparison,ewhoring vs onlyfans,,Comparative,Matrix landing,Pipeline,"BentoGrid|RealityCheck","ItemList|QAPage","Add interactive toggles; perfect for snippets"
UGC Bait,ewhoring success stories,case studies,Proof,Story hub,Live,"Testimonials|ReceiptVault","Review|VideoObject","Solicit audio testimonials and embed MP3 + schema"
Automation,ewhoring scripts,"discord+telegram",Transactional,Programmatic template,Needs update,"PricingTerminal|CryptoPayment","SoftwareApplication","Auto-generate script cards from JSON"
Parasite Targets,ewhoring guide,"LinkedIn Article",SERP Domination,Parasite longform,Pipeline,"External","Article|HowTo","Clone core offer; canonical to root"


